artist,title,language,firstChartYear,bestRank,genre,reason
עמיר בניון ומיכה שטרית,שמחות קטנות,he,2000,12,pop,excluded-performer
זהבה בן,מלך אמיתי,he,2000,15,pop,excluded-performer
שרית חדד,רוצה לעשות מה שבא לי,he,2000,18,pop,excluded-performer
שרית חדד,יאללה לך הביתה מוטי,he,2001,1,pop,excluded-performer
אלי לוזון,לגעת באושר,he,2001,8,pop,excluded-performer
שרית חדד,תשתוק תשתוק,he,2001,17,pop,excluded-performer
עמיר בניון,שלכת,he,2002,6,pop,excluded-performer
שרית חדד,אתה תותח,he,2002,15,pop,excluded-performer
שרית חדד,היום היום,he,2003,9,pop,excluded-performer
שרית חדד,קצת משוגעת,he,2003,12,pop,excluded-performer
חיים משה ויואב יצחק,עד סוף העולם,he,2003,18,pop,excluded-performer
שרית חדד,בחום של תל אביב,he,2004,7,pop,excluded-performer
מאיה בוסקילה,סיפור מכור,he,2004,8,pop,excluded-performer
אייל גולן,מציאות אחרת,he,2005,10,pop,excluded-performer
אייל גולן,מלכת היופי שלי,he,2005,20,pop,excluded-performer
שלומי שבת ודוד ד'אור,הלב יודע,he,2006,18,pop,excluded-performer
אייל גולן,אם יש גן עדן,he,2007,11,pop,excluded-performer
שלומי שבת,אבא,he,2008,3,pop,excluded-performer
אייל גולן,מצטער,he,2008,12,pop,excluded-performer
אייל גולן וטריפונס,פיצריקה,he,2008,20,pop,excluded-performer
אייל גולן,זה אני,he,2009,1,pop,excluded-performer
אייל גולן,יפיופה,he,2009,9,pop,excluded-performer
קובי פרץ ואישתאר,יחד,he,2009,10,pop,excluded-performer
קובי פרץ,האחת של חיי,he,2009,12,pop,excluded-performer
משה פרץ,נשבע לך,he,2009,13,pop,excluded-performer
שרית חדד,מקודשת,he,2009,20,pop,excluded-performer
דודו אהרון,תגידו לה,he,2010,1,pop,excluded-performer
ליאור נרקיס,ערב טוב,he,2010,2,pop,excluded-performer
דודו אהרון,כסף ואלכוהול,he,2010,4,pop,excluded-performer
משה פרץ,מהשמיים,he,2010,7,pop,excluded-performer
שלומי שבת,שתדעי,he,2010,8,pop,excluded-performer
דודו אהרון,לא מוותר,he,2010,13,pop,excluded-performer
אייל גולן,על חבל דק,he,2010,16,pop,excluded-performer
דודו אהרון,אמא יקרה,he,2011,5,pop,excluded-performer
דודו אהרון,מילים פשוטות,he,2011,6,pop,excluded-performer
אייל גולן,נולדת בשבילי,he,2011,7,pop,excluded-performer
אייל גולן,תמונה שבורה,he,2011,10,pop,excluded-performer
אייל גולן,רק מתגעגע,he,2011,11,pop,excluded-performer
משה פרץ,קחי אותי אלייך,he,2011,14,pop,excluded-performer
שלומי שבת,ואני שר,he,2011,16,pop,excluded-performer
אייל גולן,בואי נברח,he,2011,17,pop,excluded-performer
עידן רפאל חביב,מחכה,he,2011,9,pop,excluded-performer
אייל גולן,כשאת איתו,he,2012,2,pop,excluded-performer
משה פרץ,אם את הולכת,he,2012,5,pop,excluded-performer
דודו אהרון,אל תסגרי לי ת'דלת,he,2012,8,pop,excluded-performer
דודו אהרון,אין כמו אהבה,he,2012,13,pop,excluded-performer
אייל גולן,מנגינה,he,2012,19,pop,excluded-performer
אייל גולן,סטטוס מאוהב,he,2013,8,pop,excluded-performer
משה פרץ,אולי הלילה,he,2013,17,pop,excluded-performer
שלומי שבת,הלב,he,2014,9,pop,excluded-performer
עמיר בניון,סופה,he,2014,12,pop,excluded-performer
"האולטראס, איתי לוי ואילון מתנה",מסיבה בחיפה,he,2016,9,pop,excluded-performer
דודו אהרון,הגורל הזה,he,2016,15,pop,excluded-performer
עדן בן זקן,רציתי,he,2017,2,pop,excluded-performer
משה פרץ,קרמלה,he,2017,7,pop,excluded-performer
אייל גולן,יפה לך להיות מאושרת,he,2017,9,pop,excluded-performer
משה פרץ,כוס של יין,he,2017,11,pop,excluded-performer
שרית חדד,למה לי,he,2017,12,pop,excluded-performer
אייל גולן,תחזיר לי אותה,he,2017,15,pop,excluded-performer
אייל גולן ועומר אדם,מזל,he,2017,16,pop,excluded-performer
עדן בן זקן,הייתי חוזרת,he,2017,18,pop,excluded-performer
עדן בן זקן,חיים שלי,he,2018,6,pop,excluded-performer
עדן בן זקן,תל אביב בלילה,he,2018,14,pop,excluded-performer
ישי ריבו,אחת ולתמיד,he,2018,17,pop,excluded-performer
אייל גולן ובניה ברבי,ממה את מפחדת,he,2019,4,pop,excluded-performer
ישי ריבו,הלב שלי,he,2019,2,pop,excluded-performer
אושר כהן,ברגעים שאת הולכת,he,2019,13,pop,excluded-performer
נתן גושן וישי ריבו,נחכה לך,he,2020,3,pop,excluded-performer
ישי ריבו,כתר מלוכה,he,2020,8,pop,excluded-performer
עדן בן זקן,אגרוף,he,2020,8,pop,excluded-performer
איתי לוי,הולכת יחפה,he,2020,15,pop,excluded-performer
שלומי שבת ואליעד נחום,מורידים את הירח,he,2020,17,pop,excluded-performer
רביב כנר,רוצה שלום,he,2021,15,pop,excluded-performer
עידן רפאל חביב,נשמה שלי,he,2021,19,pop,excluded-performer
אושר כהן,חמישי שישי,he,2022,16,pop,excluded-performer
פאר טסי,38,he,2023,8,pop,excluded-performer
יסמין מועלם,יהיה טוב,he,2023,9,pop,excluded-performer
איתי לוי,אין לי מקום אחר,he,2024,12,pop,excluded-performer
איתי לוי,מערב ראשון,he,2024,13,pop,excluded-performer
פאר טסי,רוז,he,2024,7,pop,excluded-performer
יסמין מועלם,יחפים,he,2024,16,pop,excluded-performer
אושר כהן,פלסטרים,he,2024,11,pop,excluded-performer
יסמין מועלם,דאמ,he,2025,11,pop,excluded-performer
איתי לוי,נחלת בנימין,he,2025,14,pop,excluded-performer
פאר טסי,היא לא יודעת למה,he,2025,5,pop,excluded-performer
עמיר בניון,הכל עד לכאן,he,2006,18,pop,excluded-performer
משה פרץ,אשמור עלייך,he,2010,16,pop,excluded-performer
אייל גולן,כשאחר,he,2011,2,pop,excluded-performer
דודו אהרון,בחור רגיש,he,2011,11,pop,excluded-performer
דודו אהרון,לא יפרידו בינינו,he,2011,14,pop,excluded-performer
משה פרץ,אין כמוך,he,2011,16,pop,excluded-performer
אייל גולן,נגעת לי בלב,he,2012,8,pop,excluded-performer
עידן רפאל חביב,אין פה מקום,he,2012,17,pop,excluded-performer
אייל גולן,כל החלומות,he,2013,8,pop,excluded-performer
אייל גולן,את,he,2013,9,pop,excluded-performer
אייל גולן,מלאת אהבה,he,2013,10,pop,excluded-performer
עידן רפאל חביב,עכשיו או לעולם,he,2013,19,pop,excluded-performer
אייל גולן,ימים יגידו,he,2014,5,pop,excluded-performer
עידן רפאל חביב,כמו כל יום,he,2014,11,pop,excluded-performer
משה פרץ,כל המילים השמחות,he,2014,15,pop,excluded-performer
אייל גולן,שישי בצהריים,he,2015,5,pop,excluded-performer
ישי ריבו,תוכו רצוף אהבה,he,2015,19,pop,excluded-performer
עומר אדם ומשה פרץ,היא רק רוצה לרקוד,he,2016,3,pop,excluded-performer
אייל גולן,באתי אלייך,he,2016,13,pop,excluded-performer
עדן בן זקן,פיסה מזכרוני,he,2016,20,pop,excluded-performer
עדן בן זקן,לזאת שניצחה,he,2017,16,pop,excluded-performer
ישי ריבו,הנה ימים באים,he,2018,19,pop,excluded-performer
סטפן לגר ואיתי לוי,מאמו,he,2018,20,pop,excluded-performer
אמיר דדון וישי ריבו,לבחור נכון live,he,2019,11,light-rock,excluded-performer
"שלומי שבן, שולי רנד ורביד פלוטניק",כנען (12 מרגלים),he,2023,17,pop,excluded-performer
אושר כהן,ככה וככה,he,2023,18,pop,excluded-performer
אושר כהן,תרקדי (7.10.23),he,2024,3,pop,excluded-performer
אושר כהן ונועה קירל,אין אותי,he,2024,12,pop,excluded-performer
פאר טסי,מלודי,he,2024,15,pop,excluded-performer
