artist,title,language,firstChartYear,bestRank,charts,genre,wikipedia,wikidata,musicbrainz,store,proposedYear,reasons,itunesTrackId,wikipediaPage,errors
Perez Prado,Cherry Pink And Apple Blossom White,en,1955,1,billboard 1955 #1,,1954,1950,1950,1950,1950,unknown-performer;chart-range,1793366300,Cherry Pink (and Apple Blossom White),
Domenico Modugno,Volare (Nel blu dipinto di blu),en,1958,1,billboard 1958 #1,,,,1998,1957,1957,unknown-performer;store-only,388881282,Volare,
Pat Boone,Love Letters in the Sand,en,1957,2,billboard 1957 #2,,1931,1931,1957,1957,1931,unknown-performer;chart-range,1425203607,Love Letters in the Sand,
The Everly Brothers,All I Have to Do Is Dream / Claudette,en,1958,2,billboard 1958 #2,pop,1958,1958,,,1958,no-preview,,All I Have to Do Is Dream,
Nelson Riddle,Lisbon Antigua,en,1956,3,billboard 1956 #3,,1956,1937,1955,1955,1937,unknown-performer;disagree;chart-range,1444100621,Lisbon Antigua,
Elvis Presley,Don't / I Beg of You,en,1958,3,billboard 1958 #3,rock,1958,1957,,,1957,disagree;no-preview,,Don't (Elvis Presley song),
Billy Vaughn,"Sail Along, Silv'ry Moon / Raunchy",en,1958,6,billboard 1958 #6,,1937,1937,,,1937,unknown-performer;chart-range;no-preview,,"Sail Along, Silv'ry Moon",
Tommy Edwards,It's All in the Game,en,1958,9,billboard 1958 #9,,1951,1951,1951,1951,1951,unknown-performer;chart-range,401941356,It's All in the Game (song),
Wilbert Harrison,Kansas City,en,1959,9,billboard 1959 #9,,1952,1952,1965,1957,1957,unknown-performer;store-only,373674911,Kansas City (Leiber and Stoller song),
Georgia Gibbs,"The Wallflower (Dance with Me, Henry)",en,1955,10,billboard 1955 #10,,1955,1955,,,1955,unknown-performer;no-preview,,"The Wallflower (Dance with Me, Henry)",
Pat Boone,I Almost Lost My Mind,en,1956,13,billboard 1956 #13,,1949,1949,1956,1956,1949,unknown-performer;chart-range,1425203604,I Almost Lost My Mind,
The Everly Brothers,Bird Dog / Devoted to You,en,1958,13,billboard 1958 #13,pop,1958,1958,,,1958,no-preview,,Bird Dog (song),
Lloyd Price,Stagger Lee,en,1959,13,billboard 1959 #13,,1923,1911,1972,1955,1911,unknown-performer;disagree;chart-range,1443999384,Stagger Lee,
The Platters,Twilight Time,en,1958,16,billboard 1958 #16,pop,1958,1944,1960,1958,1958,store-only,1440922084,Twilight Time (1944 song),
The Platters,Smoke Gets in Your Eyes,en,1959,16,billboard 1959 #16,pop,1933,1933,1960,1958,1933,chart-range,1440922182,Smoke Gets in Your Eyes,
Percy Faith,Theme from A Summer Place,en,1960,1,billboard 1960 #1,,1959,,1972,1955,1959,unknown-performer;disagree,191435788,Theme from A Summer Place,
Tom Jones,I'll Never Fall in Love Again,en,1969,8,billboard 1969 #8,pop,1962,1962,1967,1967,1967,disagree,1443814297,I'll Never Fall in Love Again (Lonnie Donegan song),
J. Frank Wilson and the Cavaliers,Last Kiss,en,1964,9,billboard 1964 #9,,1961,1961,1964,2015,1961,unknown-performer;chart-range,1042341087,Last Kiss,
Elvis Presley,Crying in the Chapel,en,1965,9,billboard 1965 #9,rock,1953,1953,1965,1953,1953,chart-range,1138098304,Crying in the Chapel,
Roberta Flack,The First Time Ever I Saw Your Face,en,1972,1,billboard 1972 #1,,1972,1957,1969,1969,1957,unknown-performer;disagree;chart-range,355178117,The First Time Ever I Saw Your Face,
Carole King,It's Too Late / I Feel the Earth Move,en,1971,3,billboard 1971 #3,,1971,1971,,,1971,unknown-performer;no-preview,,It's Too Late (Carole King song),
Diana Ross,Ain't No Mountain High Enough,en,1970,6,billboard 1970 #6,,1967,1967,1970,1967,1967,unknown-performer;chart-range,1443134344,Ain't No Mountain High Enough,
Raiders,Indian Reservation (The Lament of the Cherokee Reservation Indian),en,1971,6,billboard 1971 #6,,1967,1968,1971,1967,1967,unknown-performer;disagree;chart-range,1475039500,Indian Reservation (The Lament of the Cherokee Reservation Indian),
Joe Tex,I Gotcha,en,1972,6,billboard 1972 #6,,1971,1972,1973,1971,1971,unknown-performer;disagree,111135656,I Gotcha (Joe Tex song),
Grand Funk Railroad,The Loco-Motion,en,1974,6,billboard 1974 #6,,1962,1962,1974,1974,1962,unknown-performer;chart-range,724793638,The Loco-Motion,
Donny Osmond,Go Away Little Girl,en,1971,7,billboard 1971 #7,,1962,1962,1971,1971,1962,unknown-performer;chart-range,1444113506,Go Away Little Girl,
Rare Earth,Get Ready,en,1970,8,billboard 1970 #8,,1966,1966,1968,1968,1968,unknown-performer;disagree,1443203830,Get Ready (The Temptations song),
Rita Coolidge,(Your Love Has Lifted Me) Higher and Higher,en,1977,8,billboard 1977 #8,,1967,1967,1977,1971,1967,unknown-performer;chart-range,1443157157,(Your Love Keeps Lifting Me) Higher and Higher,
Gary Wright,Love Is Alive,en,1976,9,billboard 1976 #9,,1976,,1975,1975,1975,unknown-performer;disagree,321974943,Love Is Alive (Gary Wright song),
"Dionne and Friends (Dionne Warwick, Gladys Knight, Elton John and Stevie Wonder)",That's What Friends Are For,en,1986,1,billboard 1986 #1,light-rock,1982,1982,,1972,1982,chart-range,302981260,That's What Friends Are For,
Chaka Khan,I Feel for You,en,1985,5,billboard 1985 #5,,2019,1984,1987,1982,1984,unknown-performer;disagree,140249673,I Feel for You,
Whitesnake,Here I Go Again,en,1987,7,billboard 1987 #7,,1982,1982,1982,1982,1982,unknown-performer;chart-range,1862663152,Here I Go Again,
Bette Midler,Wind Beneath My Wings,en,1989,7,billboard 1989 #7,pop,1983,1983,1988,1988,1983,chart-range,76155240,Wind Beneath My Wings,
Joey Scarbury,Theme from The Greatest American Hero (Believe It or Not),en,1981,11,billboard 1981 #11,,1981,1981,,,1981,unknown-performer;no-preview,,Theme from The Greatest American Hero (Believe It or Not),
Soft Cell,Tainted Love,en,1982,11,billboard 1982 #11,,1965,1965,1981,1981,1965,unknown-performer;chart-range,1440517679,Tainted Love,
